M Y P Q F R R G H L A A A V L F A S S S L L G G Q A L A E D E R L E E L D E R A E S V V Q L G D E V V L G T A E Q E L K Q A P G V S I I T A E D I R K R P P V N D L S E I I R T M P G V N L T G N S S S G Q R G N N R Q I D I R G M G P E N T L I L V D G K P V S S R N S V R Y G W R G E R D T R G D S N W V P P E E V E R I E V L R G P A A A R Y G S G A A G G V V N I I T K R P T D R L R G S M T V F T N I P E S S K D G A T R R A N F S L S G P L T E A L S F R A Y G S A N K T D S D D T D I N L G H T V N P S R T V A G R E G V R N R D L S G M L S W Q V T P D Q V V D F E A G F S R Q G N I Y A G D T Q N N N G T A N T Q G L A D D G A E T N R M Y R E N Y A I T H N G T W S F G T S R F V A Q Y D S T R N N R L E E G L A G S V E G Q I G A D R S F S A S K L E N Y R L S G E L N L P L H A L F E Q V L T V G A E W N K E T L N D P S S L K Q G F V G S D S L P G T P A A G S R S P K S K A E I R A L Y V E D N I E L R P G T M L T P G L R L D D H S D F G L N W S P S L N A S Q T L G E Y F T V K A G I A R A F K A P N L Y Q S N P N Y L L Y T R G N G C P I Q T S S G G C Y L V G N E N L D A E T S V N K E L G I E F R R D G W V A G L T Y F R N D Y K N K I V A P L D V M G Q T G T G N N I L Q W S N A K K A V V E G L E G N L L V P L H E D L S W S T N L T Y M L Q S K D K D T G N P L S V I P E Y T L N S T L D W Q A S E R L S T Q L T S T I Y G R Q E P P K H G T S R N T P V V S R K E V G T Y G I W G V S A G Y T F S E N L S V R G G V S N L F D K R L Y R Q G N S F D A G A A T Y N E P G R A Y Y V S M T T S F,97
M T T R P T F V I Y A S H I S F A L I S C T P R P K S D V K W K R T P L N P H L R S H F Q T R G E K R K R S P Q T A F S H T H T Y T P K T F T F T N T A L E Y T M T E E N I S I E D V K A S N G E A H L D V P P H A N G L S E H R R S E P E S T A Q K V K R F V L A N L L V I L T V S A V I V G V L I G L G V R N A G L S R T Q I I Y F G F P G E L L I R L L K M I I I P L V V C S L V S G A A S I D P K A L G K L G G W A M L F F L V T T L I A S A I G V I M A F I I H P G S S D G K M S Q L N A Q D D S S V P E A K D V I D S F L D L I R N I F P S N L V A A A F Q S Y A T G Y K F V K N D T N S S V L L E K V P V G T D V D G M N I L G L I V F A M A F G V A L R K L G E E G V I L M K F F N S F N E A T M V L V S W I M W Y A P L G I M F L V A A K I V E M E D V S L L F T S L G K Y I A C C V I G H A I H G L L V L P L I Y F I I T R K N P Y T F L L G L V T A L A T A F G T S S S S A T L P L M M K C V E E N N G V S K H I S R F I L P I G A T V N M D G A A C F Q C V A A V F I A Q L N G I P L N F V Q V I T I L V T A T A S S V G A A G I P A G G V L T L A I I L E S V G L P T N D L S L I L A V D W L V D R T C T V I N V E G D A Y G A G L L Q Y L I D R H P N K N E E E E L D K I R V E E D D A T P K P E I R P L I E K Q G N F E P E E A A G P K P C E K E S V M,131
M Y S S S R K R C P K T K W A L K L L T A A F L A A S P A A K S A V N N A Y D A L I I E A R K G N T Q P A L S W F A L K S A L S N N Q I A D W L Q I A L W A G Q D K Q V I T V Y N R Y R H Q Q L P A R G Y A A V A V A Y R N L Q Q W Q N S L T L W Q K A L S L E P Q N K D Y Q R G Q I L T L A D A G H Y D T A L V K L K Q L N S G A P D K A N L L A E A Y I Y K L A G R H Q D E L R A M T E S L P E N A S T Q Q Y P T E Y V Q A L R N N Q L A A A I D D A N L T P D I R A D I H A E L V R L S F M P T R S E S E R Y A I A D R A L A Q Y A A L E I L W H D N P D R T A Q Y Q R I Q V D H L G A L L T R D R Y K D V I S H Y Q R L K K T G Q I I P P W G Q Y W V A S A Y L K D H Q P K K A Q S I M T E L F Y H K E T I A P D L S D E E L A D L F Y S H L E S E N Y P G A L T V T Q H T I N T S P P F L R L M G T P T S I P N D T W L Q G H S F L S T V A K Y S N D L P Q A E M T A R E L A Y N A P G N Q G L R I D Y A S V L Q A R G W P R A A E N E L K K A E V I E P R N I N L E V E Q A W T A L T L Q E W Q Q A A V L T H D V V E R E P Q D P G V V R L K R A V D V H N L A E L R I A G S T G I D A E G P D S G K H D V D L T T I V Y S P P L K D N W R G F A G F G Y A D G Q F S E G K G I V R D W L A G V E W R S R N I W L E A E Y A E R V F N H E H K P G A R L S G W Y D F N D N W R I G S Q L E R L S H R V P L R A M K N G V T G N S A Q A Y V R W Y Q N E R R K Y G V S W A F T D F S D S N Q R H E V S L E G Q E R I W S S P Y L I V D F L P S L Y Y E Q N T E H D T P Y Y N P I K T F D I V P A F E A S H L L W R S Y E N S W E Q I F S A G V G A S W Q K H Y G T D V V T Q L G Y G Q R I S W N D V I D A G A T L R W E K R P Y D G D R E H N L Y V E F D M T F R F,116
M A H F S E V L A E I G T F G R F Q V Q L L I L L S V P N F L T A F Y M F A Q V F M V L D E T H H C S V A W V K N Q T L N L S T A E Q L A L S V P L D A A G S P E P C L M F Q P P P D G A S L E D I L S H R F N K T Q P C K T G W V Y P E G R P R S L M N E F N L V C D R K H L K E T S Q S V Y M A G L L V G A L I F G P L C D W I G R K I T V L L Q L L L F G I L G L S T A F V P S F E L Y M A L R F A V A T A V A G Y T F S N I T L L T E W V G P S W R T R T V V V A Q C S F S V G Q M A L A G L A Y G I R N W R L L Q I A G A S P V F L L F F Y I W A L P E S A R W L L T H G R V E E A K Q L I Q K A A S V N R K K L S P E L L S Q L V P E K T G P T G N A L D L F R H P Q L R K V T L I L S Y V W F V D S L V Y Y G L G F K V G D F G L D I Y L T Q L I F G A V E V P A R Y S S I F M M E R L G R K W S Q M G T L L L G G L M C I A I I F V P A D L P V V I T V L A L V G K F A T A A G F T V S Y V Y S A E L Y P T V I R Q T G L G L V G I P S R I G G I L T P F V I M L D E Y H A A A P M L I Y G I L P I G A G L L C A L L P E T R G Q S L K D T I H D L E Q K S Y P R S Q K D S E G D L E A S G S T S S S G V A F S N P Y L,105
M T L L N D I Q V W T T A C A Y D H L I P G R G V G V L L D D G S Q V A L F R L D D G S V H A V G N V D P F S G A A V M S R G I V G D R G G R A M V Q S P I L K Q A F A L D D G S C L D D P R V S V P V Y P A R V T P E G R I Q V A R V A V,145
M A T C W Q G L W A Y R R Y L I V F F L P I F L L P L P I L V P T K E A Y C A Y T I I L M A L L W C T E A L P L A V T A F L P V I L F P M M G I M D A S K V S V E Y L K D S N I L F I G G M L V A I A V E H W N L H K R I A L R V L L I I G V R P A L L I L G F M V V T A F L S M W I S N T A T T A M M V P I A H A V L E Q L H K I P V G K D V E E G R G N P A F E L Q E P S P Q Q E E T K L D E K D N K Q D L P V P A A P S E S K T Q Q N E E Q L R F T Q G M S L C V C Y S A S I G G I A T L T G T T P L V L Q G Q V N S I F P R N P N V V N F A S W F G F A F P T M V I L L L L S W L W L Q I L F L G F N F P K N F G F G D Q M K E K E R A A F E V I R R E H K Q L G P L S F A E K A V T V L F V L L V V L W F T R E P G F F Q G W G N L A F S D E D G K S M A S D G T V A L L I A V I M F I V P S K I P G L T Q E P G N P G K L K P P P A L L S W N T V K E K L P W N I V I L L G G G F A L A K G S E E S G L S K W L G D R L T P L E S V P P P A I A F I L C L L T A I F T E C T S N V A T T T L F L P I L A S M S Q A I C I H P L Y V M L P C T L S S S L A F M L P V A T P P N A I A F S F G S L K V T D M A R A G L M L N I V G V L V I T L A I N S W S I P M F N L H H Y P S W A R S N T T T C G V S Q A N T T T P S P,132
M S D Q E S V V S F N S Q N T S M V D V E G Q Q P Q Q Y V P S K T N S R A N Q L K L T K T E T V K S L Q D L G V T S A A P V P D I N A P Q T A K N N I F P E E Y T M E T P S G L V P V A T L Q S M G R T A S A L S R T R T K Q L N R T A T N S S S T G K E E M E E E E T E E R E D Q S G E N E L D P E I E F V T F V T G D P E N P H N W P S W V R W S Y T V L L S I L V I C V A Y G S A C I S G G L G T V E K K Y H V G M E A A I L S C S L M V I G F S L G P L I W S P V S D L Y G R R V A Y F V S M G L Y V I F N I P C A L A P N L G C L L A C R F L C G V W S S S G L C L V G G S I A D M F P S E T R G K A I A F F A F A P Y V G P V V G P L V N G F I S V S T G R M D L I F W V N M A F A G V M W I I S S A I P E T Y A P V I L K R K A A R L R K E T G N P K I M T E Q E A Q G V S M S E M M R A C L L R P L Y F A V T E P V L V A T C F Y V C L I Y S L L Y A F F F A F P V I F G E L Y G Y K D N L V G L M F I P I V I G A L W A L A T T F Y C E N K Y L Q I V K Q R K P T P E D R L L G A K I G A P F A A I A L W I L G A T A Y K H I I W V G P A S A G L A F G F G M V L I Y Y S L N N Y I I D C Y V Q Y A S S A L A T K V F L R S A G G A A F P L F T I Q M Y H K L N L H W G S W L L A F I S T A M I A L P F A F S Y W G K G L R H K L S K K D Y S I D S V E M,107
M N R Q E S I N S F N S D E T S S L S D V E S Q Q P Q Q Y I P S E S G S K S N M A P N Q L K L T R T E T V K S L Q D M G V S S K A P V P D V N A P Q S S K N K I F P E E Y T L E T P T G L V P V A T L H S I G R T S T A I S R T R T R Q I D G A S S P S S N E D A L E S D N N E K G K E G D S S G A N D E A P D L D P E I E F V T F V T G D P E N P H N W P A W I R W S Y T V L L S I L V I C V A Y G S A C I S G G L G T V E K K Y H V G M E A A I L S V S L M V I G F S L G P L I W S P V S D L Y G R R V A Y F V S M G L Y V I F N I P C A L A P N L G S L L A C R F L C G V W S S S G L C L V G G S I A D M F P S E T R G K A I A F F A F A P Y V G P V V G P L V N G F I S V S T G R M D L I F W V N M A F A G V M W I I S S A I P E T Y A P V I L K R K A A R L R K E T G N P K I M T E Q E A Q G V S M G E M M R A C L L R P L Y F S V T E P V L V A T C F Y V C L I Y S L L Y A F F F A F P V I F G E L Y G Y K D N L V G L M F I P I V I G A L W A L A T T F Y C E N K Y L Q I V K Q R K P T P E D R L L G A K I G A P F A A I A L W I L G A T A Y K H I I W V G P A S A G L A F G F G M V L I Y Y S L N N Y I I D C Y V Q Y A S S A L A T K V F L R S A G G A A F P L F T I Q M Y H K L N L H W G S W L L A F I S T A M I A L P F A F S Y W G K G L R H K L S K K D Y S I D S I E,107
M Q A S R H S I Q A E P G W Y V S A Q Q P E E A V A A D E W S P L L S N E P H R Q G S S G A S F G L S V F N V M N A I M G S G I L G L A Y V M A N T G I L G F S F L L L F V A L L A S Y S V H L L L A M C I H T A V T S Y E D L G L F A F G L P G K V V V A G T I I I Q N I G A M S S Y L L I I K T E L P A A I S E F L P S D H S G S W Y L D G Q M L L I I I C V G I V F P L S L L P K I G F L G Y T S S L S F F F M V F F A L V V V I K K W A V P C P V T L D C I N E V F Q I S N A T D D C K P K L F H F S K E S V Y A I P T M A F S F L C H T S V L P I Y C E L Q S P S K K R M Q N V T N T A I A L S F L V Y F V S A L F G Y L T F Y D K V E S E L L Q G Y S K Y L P H D V I V M A V K L C I L F A V L L T A P L I H F P A R K A L M M I L F S N Y P F S W I R H S L T T A A L N A I I V V L A I Y V P D I R N V F G V V G A S T S T C L I F V F P G L F Y L K L S R E D F L S W K K L G A L F L L L T G A V V G S F S L V L I I F D W V N K,102
M L M L F L T V A M V H I V A L M S P G P D F F F V S Q T A V S R S R K E A M M G V L G I T C G V M V W A G I A L L G L H L I I E K M A W L H T L I M V G G G L Y L C W M G Y Q M L R G A L K K E A V S A P A P Q V E L A K S G R S F L K G L L T N L A N P K A I I Y F G S V F S L F V G D N V G T T A R W G I F A L I I V E T L A W F T V V A S L F A L P Q M R R G Y Q R L A K W I D G F A G A L F A G F G I H L I I S R,146
M V Y T S T Y R H T I V V D L L E Y L G I V S N L E T L Q S A R E D E T R K P E N T D K K E C K P D Y D I E C G P N R S C S E S S T D S D S S G S Q I E K N D P F R V D W N G P S D P E N P Q N W P L L K K S L V V F Q I M L L T C V T Y M G S S I Y T P G Q E Y I Q E E F H V G H V V A T L N L S L Y V L G Y G L G P I I F S P L S E T A R Y G R L N L Y M V T L F F F M I F Q V G C A T V H N I G G L I V M R F I S G I L C S P S L A T G G G T V A D I I S P E M V P L V L G M W S A G A V A A P V L A P L L G A A M V D A K N W R F I F W L L M W L S A A T F I L L A F F F P E T Q H H N I L Y R R A L K L R K E T G D D R Y Y T E Q D K L D R E V D A R T F L I N T L Y R P L K M I I K E P A I L A F D L Y I A V A Y G C F Y L F F E A F P I V F V G I Y H F S L V E V G L A Y M G F C V G C V L A Y G L F G I L N M R I I V P R F R N G T F T P E A F L I V A M C V C W C L P L S L F L F G W T A R V H W I L P V I S E V F F V L A V F N I F Q A T F A Y L A T C Y P K Y V A S V F A G N G F C R A S F A C A F P L F G R A M Y D N L A T K N Y P V A W G S S L V G F L T L G L A I I P F I L Y K Y G P S L R T R S S Y T E E,106
M S S D A D A H K V G L I P V T L M V S G N I M G S G V F L L P A N L A S T G G I A I Y G W L V T I I G A L G L S M V Y A K M S F L D P S P G G S Y A Y A R R C F G P F L G Y Q T N V L Y W L A C W I G N I A M V V I G V G Y L S Y F F P I L K D P L V L T I T C V V V L W I F V L L N I V G P K M I T R V Q A V A T V L A L I P I V G I A V F G W F W F R G E T Y M A A W N V S G L G T F G A I Q S T L N V T L W S F I G V E S A S V A A G V V K N P K R N V P I A T I G G V L I A A V C Y V L S T T A I M G M I P N A A L R V S A S P F G D A A R M A L G D T A G A I V S F C A A A G C L G S L G G W T L L A G Q T A K A A A D D G L F P P I F A R V N K A G T P V A G L I I V G I L M T I F Q L S S I S P N A T K E F G L V S S V S V I F T L V P Y L Y T C A A L L L L G H G H F G K A R P A Y L A V T T I A F L Y C I W A V V G S G A K E V M W S F V T L M V I T A M Y A L N Y N R L H K N P Y P L D A P I S K D,123
M P S G S H W T A N S S K I I T W L L E Q P G K E E K R K T M A K V N R A R S T S P P D G G W G W M I V A G C F L V T I C T R A V T R C I S I F F V E F Q T Y F T Q D Y A Q T A W I H S I V D C V T M L C A P L G S V V S N H L S C Q V G I M L G G L L A S T G L I L S S F A T S L K H L Y L T L G V L T G L G F A L C Y S P A I A M V G K Y F S R R K A L A Y G I A M S G S G I G T F I L A P V V Q L L I E Q F S W R G A L L I L G G F V L N L C V C G A L M R P I T L K E D H T T P E Q N H V C R T Q K E D I K R V S P Y S S L T K E W A Q T C L C C C L Q Q E Y S F L L M S D F V V L A V S V L F M A Y G C S P L F V Y L V P Y A L S V G V S H Q Q A A F L M S I L G V I D I I G N I T F G W L T D R R C L K N Y Q Y V C Y L F A V G M D G L C Y L C L P M L Q S L P L L V P F S C T F G Y F D G A Y V T L I P V V T T E I V G T T S L S S A L G V V Y F L H A V P Y L V S P P I A G R L V D T T G S Y T A A F L L C G F S M I F S S V L L G F A R L I K R M R K T Q L Q F I A K E S D P K L Q L W T N G S V A Y S V A R E L D Q K H G E P V A T A V P G Y S L T,99
M T K I T R V S L A S P P D G G W G W M I V A G C F L V T I C T R A V T R C I S I F F V E F Q T Y F A Q D Y S Q T A W I H S I V D C M T M L C A P L G S V V S N Q L S C Q A G I M L G G L L A S T G F I L G S F A T S L K H L Y L S L G V L T G L G F A L C Y S P A I A M V G K Y F S R R K A L A Y G I A M S G S G I G T F I L A P V V Q L L I E Q F S W R G A L L I L G G F V L N L C V C G A L M R P I T L K E D R S V P E K N H N R E S Q R E D C K Q A S P Y S P L T K E C T E T R L C C S L Q Q E Y G F L L M S D F V V L A V S V L F M A Y G C S P L F V Y L V P Y A L S V G V S H H Q A A F L M S I L G V I D I V G N I T F G W L T D R R C L K N Y R Y V C Y L F A V A L D G L C Y L C L P M L Q T F P L L V P F S C T F G Y F D G A Y V T L I P V V T A E I V G T T S L S S A L G V V Y F L H A V P Y L V S P P I A G W L V D T T G S Y T A A F L L C G F A M I F S S I L L G F V R I V K R M K R T Q V P F P V K D S D P K L Q L W T N G S V A Y S V A R E L D Q K D E E P L P K A R S G C N L T,99
M N T E I P D L E K Q Q I D H N S G S D D P Q P I H D D M A P V S R I R S S G P N H E Y I H I A D Q K F H R D D F Y R A F G G T L N P G G A P Q P S R K F G N P A P L G L S A F A L T T L V F S L C T V Q A R G V P N P S I A V G L A L F Y G G V C Q F A A G M W E F V Q E N T F G A A A L T S Y G G F W M S W A A I E M N A F G I K D S Y N D P I E V Q N A V G I Y L F G W F I F T L M L T L C T L K S T V A F F G L F F M L M M T F L V L A C A N V T Q H H G T A I G G G W L G I I T A F F G F Y N A Y A G L A N P G N S Y I V P V P L D M P F V K K D,110
M P P A V G G P V G Y T P P D G G W G W A V V I G A F I S I G F S Y A F P K S I T V F F K E I E G I F H A T T S E V S W I S S I M L A V M Y G G G P I S S I L V N K Y G S R I V M I V G G C L S G C G L I A A S F C N T V Q Q L Y V C I G V I G G L G L A F N L N P A L T M I G K Y F Y K R R P L A N G L A M A G S P V F L C T L A P L N Q V F F G I F G W R G S F L I L G G L L L N C C V A G A L M R P I G P K P T K A G K D K S K A S L E K A G K S G V K K D L H D A N T D L I G R H P K Q E K R S V F Q T I N Q F L D L T L F T H R G F L L Y L S G N V I M F F G L F A P L V F L S S Y G K S Q H Y S S E K S A F L L S I L A F V D M V A R P S M G L V A N T K P I R P R I Q Y F F A A S V V A N G V C H M L A P L S T T Y V G F C V Y A G F F G F A F G W L S S V L F E T L M D L V G P Q R F S S A V G L V T I V E C C P V L L G P P L L G R L N D M Y G D Y K Y T Y W A C G V V L I I S G I Y L F I G M G I N Y R L L A K E Q K A N E Q K K E S K E E E T S I D V A G K P N E V T K A A E S P D Q K D T D G G P K E E E S P V,129
M T E S V A R L R G E Q L T L G Y G K Y T V A E N L T V E I P D G H F T A I I G P N G C G K S T L L R T L S R L M T P A H G H V W L D G E H I Q H Y A S K E V A R R I G L L A Q N A T T P G D I T V Q E L V A R G R Y P H Q P L F T R W R K E D E E A V T K A M Q A T G I T H L A D Q S V D T L S G G Q R Q R A W I A M V L A Q E T A I M L L D E P T T W L D I S H Q I D L L E L L S E L N R E K G Y T L A A V L H D L N Q A C R Y A S H L I A L R E G K I V A Q G A P K E I V T A E L I E R I Y G L R C M I I D D P V A G T P L V V P L G R T A P S T A N S,126
M R K I K G L R W Y M I A L V T L G T V L G Y L T R N T V A A A A P T L M E E L N I S T Q Q Y S Y I I A A Y S A A Y T V M Q P V A G Y V L D V L G T K I G Y A M F A V L W A V F C G A T A L A G S W G G L A V A R G A V G A A E A A M I P A G L K A S S E W F P A K E R S I A V G Y F N V G S S I G A M I A P P L V V W A I V M H S W Q M A F I I S G A L S F I W A M A W L I F Y K H P R D Q K H L T D E E R D Y I I N G Q E A Q H Q V S T A K K M S V G Q I L R N R Q F W G I A L P R F L A E P A W G T F N A W I P L F M F K V Y G F N L K E I A M F A W M P M L F A D L G C I L G G Y L P P L F Q R W F G V N L I V S R K M V V T L G A V L M I G P G M I G L F T N P Y V A I M L L C I G G F A H Q A L S G A L I T L S S D V F G R N E V A T A N G L T G M S A W L A S T L F A L V V G A L A D T I G F S P L F A V L A V F D L L G A L V I W T V L Q N K P A I E V A Q E T H N D P A P Q H,130
M D E F E S T K L S K V Q F S T S V L S T P S N E G N N L I H R F K N S F K R N D S P A I Q E G L L Y S E L S E E E K I Q W D L A N Q P Y K K V L D Q R H L T M I A I G G T L G T G L F I G L G E S L A S G P A S L L I G F L L V G A S M L C V V Q C G A E L S C Q Y P V S G S Y A L H A S R F I D P S V G F S I G I N Y L L M W L I S Y P S E L V G C S L T I S Y W A P S V N P A A W V A I A F V L S M L L N L F G A R G F A E S E F Y M S I F K I V A L F I F I I I G I V L I A G G G P D S T G Y I G T K Y W H D P G S F A V P V F K N L C N T F V S A A Y S F S G T E M V V L T S T E A R S V S S V S R A A K G T F W R I I I F Y I V T V I I I G C L V P Y N D P R L I S G S S S E D I T A S P F V I A L S N T G A M G T R V S H F M N A V I L I A V F S V C N S C V Y A S S R L I Q G L A T A G Q L P K I C A Y M D R N G R P L V G M A I C G A F G L L G F L V V S K N Q G T V F T W L F A L C S I S F F T T W F C I C F C Q V R F R M A M K A Q G R S K D D I I Y R S T L G I Y G G I F G C I L N V L L V I G E I Y V S A A P V G S P S S A A N F F E Y C M S I P I M I A V Y I G H R I Y R R D W R H W Y I K R M D I D L D S G H S L E D F E A T K L E R D E D K K Y V S S K P L Y Y R I Y R F F C,117
M F A E Y G V L N Y W T Y L V G A I F I V L V P G P N T L F V L K N S V S S G M K G G Y L A A C G V F I G D A V L M F L A W A G V A T L I K T T P I L F N I V R Y L G A F Y L L Y L G S K I L Y A T L K G K N S E A K S D E P Q Y G A I F K R A L I L S L T N P K A I L F Y V S F F V Q F I D V N A P H T G I S F F I L A A T L E L V S F C Y L S F L I I S G A F V T Q Y I R T K K K L A K V G N S L I G L M F V G F A A R L A T L Q S,144
M A A G V A G W G V E A E E F E D A P D V E P L E P T L S N I I E Q R S L K W I F V G G K G G V G K T T C S C S L A V Q L S K G R E S V L I I S T D P A H N I S D A F D Q K F S K V P T K V K G Y D N L F A M E I D P S L G V A E L P D E F F E E D N M L S M G K K M M Q E A M S A F P G I D E A M S Y A E V M R L V K G M N F S V V V F D T A P T G H T L R L L N F P T I V E R G L G R L M Q I K N Q I S P F I S Q M C N M L G L G D M N A D Q L A S K L E E T L P V I R S V S E Q F K D P E Q T T F I C V C I A E F L S L Y E T E R L I Q E L A K C K I D T H N I I V N Q L V F P D P E K P C K M C E A R H K I Q A K Y L D Q M E D L Y E D F H I V K L P L L P H E V R G A D K V N T F S A L L L E P Y K P P S A Q,108
M S E L K T G H A G H N P W A S V A N S G P I S I L S Y C G S S I L M T V T N K F V V N L K D F N M N F V M L F V Q S L V C T I T L I I L R I L G Y A K F R S L N K T D A K N W F P I S F L L V L M I Y T S S K A L Q Y L A V P I Y T I F K N L T I I L I A Y G E V L F F G G S V T S M E L S S F L L M V L S S V V A T W G D Q Q A V A A K A A S L A E G A A G A V A S F N P G Y F W M F T N C I T S A L F V L I M R K R I K L T N F K D F D T M F Y N N V L A L P I L L L F S F C V E D W S S V N L T N N F S N D S L T A M I I S G V A S V G I S Y C S G W C V R V T S S T T Y S M V G A L N K L P I A L S G L I F F D A P R N F L S I L S I F I G F L S G I I Y A V A K Q K K Q Q A Q P L R K,133
M S S N P S R S N S R S K N G D L E S G L K F V D N D H D S K D I E A R N R N H F Y G F R A E P I Y D Q T E R L A N Q V A E L Q E Q Q K R L F G P S G A D F E P N I H R L R Y I N Y G N P A P F G L S A F A F T T F L L S L F N V N A G H V K V S N M V T A P A A F Y G G L A Q L L A S M W E M A S G N T F G G A V F G S Y G C F W L S Y A S I F I P W F N I Q N S Y D D P N D F N Y A I G L Y L I C W F I F T F L V L L C T V R S T L A F F S L F M S L D V C F L L L A C A F L R T S D G S P N V V L I R V G G A F G I F S A C A A W Y N A M A G L A T I E N S F F T V P R A I F P W S L E G L G P E E A N R R R M M A D D K,110
M L R Y I N T V G V I Y M I E I Q N L S V S Y Q G Q L A L D K A N V T I K G P T I T G I I G P N G A G K S T L I K G L L G I V D H Q G Q A L L D G Q P L D K E L K R I A Y V E Q K I N I D Y N F P I K V K E C V S L G L Y P K I K L F Q R L K T S D W D K V N Q A L K I V G L E D F A E R Q I S Q L S G G Q F Q R V L I A R C L V Q E A D Y I F L D E P F V G I D S V S E E I I M K T L R Q L R K D G K T I L I V H H D L S K V V A Y F D Q V L L L N K K V V A F G S T E S T F T K E N M Q Q T Y G S Q L F M N G G A,111
M S S D T S L S E S S L L K E E S G S L T K S R P P I K S N P V R E N I K S F V A G G V G G V C A V F T G H P F D L I K V R C Q N G Q A N S T V H A I T N I I K E A K T Q V K G T L F T N S V K G F Y K G V I P P L L G V T P I F A V S F W G Y D V G K K L V T F N N K Q G G S N E L T M G Q M A A A G F I S A I P T T L V T A P T E R V K V V L Q T S S K G S F I Q A A K T I V K E G G I A S L F K G S L A T L A R D G P G S A L Y F A S Y E I S K N Y L N S R Q P R Q D A G K D E P V N I L N V C L A G G I A G M S M W L A V F P I D T I K T K L Q A S S T R Q N M L S A T K E I Y L Q R G G I K G F F P G L G P A L L R S F P A N A A T F L G V E M T H S L F K K Y G I,138
M T R D S P D S N D S Y K H I N K N T T Q K T S F D R N S F D Y I V R S G L A G G I S G S C A K T L I A P L D R I K I L F Q T S N P H Y T K Y T G S L I G L V E A A K H I W I N D G V R G F F Q G H S A T L L R I F P Y A A V K F V A Y E Q I R N T L I P S K E F E S H W R R L V S G S L A G L C S V F I T Y P L D L V R V R L A Y E T E H K R V K L G R I I K K I Y K E P A S A T L I K N D Y I P N W F C H W C N F Y R G Y V P T V L G M I P Y A G V S F F A H D L L H D V L K S P F F A P Y S V L E L S E D D E L E R V Q K K Q R R P L R T W A E L I S G G L A G M A S Q T A A Y P F E I I R R R L Q V S A L S P K T M Y D H K F Q S I S E I A H I I F K E R G V R G F F V G L S I G Y I K V T P M V A C S F F V Y E R M K W N F G I,143
M N K Q S W L L N L S L L K T H P A F R A V F L A R F I S I V S L G L L G V A V P V Q I Q M M T H S T W Q V G L S V T L T G G A M F V G L M V G G V L A D R Y E R K K V I L L A R G T C G I G F I G L C L N A L L P E P S L L A I Y L L G L W D G F F A S L G V T A L L A A T P A L V G R E N L M Q A G A I T M L T V R L G S V I S P M I G G L L L A T G G V A W N Y G L A A A G T F I T L L P L L S L P A L P P P P Q P R E H P L K S L L A G F R F L L A S P L V G G I A L L G G L L T M A S A V R V L Y P A L A D N W Q M S A A Q I G F L Y A A I P L G A A I G A L T S G K L A H S A R P G L L M L L S T L G S F L A I G L F G L M P M W I L G V V C L A L F G W L S A V S S L L Q Y T M L Q T Q T P E A M L G R I N G L W T A Q N V T G D A I G A A L L G G L G A M M T P V A S A S A S G F G L L I I G V L L L L V L V E L R H F R Q T P P Q V T A S D S,97
M M K E S K S I T Q H E V E R E S V S S K R A I K K R L L L F K I D L F V L S F V C L Q Y W I N Y V D R V G F T N A Y I S G M K E D L K M V G N D L T V S N T V F M I G Y I V G M V P N N L M L L C V P P R I W L S F C T F A W G L L T L G M Y K V T S F K H I C A I R F F Q A L F E S C T F S G T H F V L G S W Y K E D E L P I R S A I F T G S G L V G S M F S G F M Q T S I F T H L N G R N G L A G W R W L F I I D F C I T L P I A I Y G F I F F P G L P D Q T S A V S K F S M T R Y I F N E Q E L H Y A R R R L P A R D E S T R L D W S T I P R V L K R W H W W M F S L V W V L G G E N L G F A S N S T F A L W L Q N Q K Y T L A Q R N N Y P S G I F A V G I V S T L C S A V Y M S K I P R A R H W H V S V F I S L V M V I V A V L I R A D P L N P K V V F S A Q Y L G G V A Y A G Q A V F F S W A N I I C H A D L Q E R A I V L A S M N M F S G A V N A W W S I L F F A S D M V P K F E R G C Y A L L A T A I S S G I V S V V I R S L Q I K E N L S K K Q V P Y I D A N D M P G E D D D D D N Q D N E N D G D D E S M E V E L H N E E M A E I S N P F R,128
M S Q T S T L K G Q C I A E F L G T G L L I F F G V G C V A A L K V A G A S F G Q W E I S V I W G L G V A M A I Y L T A G V S G A H L N P A V T I A L W L F A C F D K R K V I P F I V S Q V A G A F C A A A L V Y G L Y Y N L F F D F E Q T H H I V R G S V E S V D L A G T F S T Y P N P H I N F V Q A F A V E M V I T A I L M G L I L A L T D D G N G V P R G P L A P L L I G L L I A V I G A S M G P L T G F A M N P A R D F G P K V F A W L A G W G N V A F T G G R D I P Y F L V P L F G P I V G A I V G A F A Y R K L I G R H L P C D I C V V E E K E T T T P S E Q K A S L,134
M E S V D N N S F F S R I R N S N A Y R K V K D F V I L D H R P G M T M A E R M L T N K D L Y P V P P S K R L W G P W N F I S F W L A D A V N I N T W M I S A T A I E L G L N W W E A W I C V W V G Y L I C G I L V A T T G R P G A V Y H I S F P V L S R S S F G T W G S L W P I L N R S V L A C V W Y G V Q A W I G G E C V V L M I R S I W P S F S H I P N T M A K S G T E T Y Q W V G F F I F W L L S N I A I W F P V H Q I R H L F T F K A I V A P P A A I A F L I W A L V K A H G A G P V I H E P T K L G Q Y E H A W V V I N G I V T C I D G F A T L I V N N P D F A R F A T T P G A V H W P Q I I T V P L A F G V T S L I G V L V S S A S K A I Y G T T L W D P T Q L L A S F L D H S N A H G V R A G V F F I A F G L C I A Q L G V N I A A N S V S A G N D L S A L L P T V I N V R R G G Y I A S I I A L C M C P W N L L S S N N N F T T Y L S S Y S V F L S S F A G V I I A D Y Y F V R K G L I R V A P L Y S S S S S S P Y Y F W K G I N F R A F A S Y I C G M L I N I V G M A G S T G Q K V P K V A N T M F N L N Y F L G I T V A C L S H I I I C K I F P V T E C G E K M L S E V P E E A D D Y L L T L A S E D S I D K D S T S E I Y I D G L P T E K E V E K D D V L S I T S K K L S G C F P,109
M S T R D L P H S F S E L S Y G W V K R I R A E F T V G K S K E Q L L A E D Y H S T T D E D S E V V T S V K A N S L W P A F A S G A G L F S D G Y V N N S I S T V L F C L K K I Y P D E I T K S N A I N N I A S I A F V G T V V G Q L G F G Y I S D R I A R K G G M M A A N V M L I F F T L M C A V G S W G V T V Q G F F A C L T V W R F F L G V A I G A E Y P T S S V I A S E F A N Q L P P G K R N R Y F S W F T N A M I D S G F V V S A F V P F V L I W I F T E K H L R A L W R V A I G L G V I P P L S L F F M R L K M K N S S S F Q K L H M K N V K Y R D Y P W W L I V K F Y W F R L T I V S L I W F I Y D F S A Y S F G N F N T I I I G E I I P E A P I W K Q W G W S I V F N L F Y I P G A F L G A I S A D Y I G P R L T L A L G V G I Q G V I G I A M S A C L N S L K K H I A G F V V V F G I F T T F G E F G P G D N I G L L A S K T S A T A I R G Q Y Y G I A A A I G K I G A F V G T W V F P A I Q S K Y A N N A N P D L Q L Q V P F Y I S S A L C L F S A C L A I F F C P Q V G Q D A I Y K E D H D F V Q Y L S N N G F D I N M L G E G G D V R E V C R E S D S L E K G K R D D F Q V D N N S L,98
M A T R D L P H S V G D F C F G W V D Q I R S E I T L G K S Q D Q L I K E D V L E D D E T V E T K V E I K N L W P A F A S G A G L F S D G Y V N A G I S T V L S C L K K I Y G D E F T K S N A M N N I G S I G F V G T V V G Q L S F G Y I S D N F D R K T G M L T A N V M L I F F T L M C A V A S W G T T V Q G F F A C L T V W R F F L G I A I G A E Y P T S S V I A S E F A N Q L P S G H R N R Y F S W F T N A M I D F G F V V S S F V P L V L L W I F T P R H L R A V W R L S I G L G V I P P L I L F F I R L K M D N S K S F K K M N M K R V N Y S K Y P W W L I I K F Y W F R L T V V S L I W F I Y D F S V Y S F G T F N T I I I G E V I P N G T L Y E N W G W S V V F N L F Y M P G A F L G A F I G D Y L G P R L T L A I G V G A Q G I I G I A M S A C L K S L K K H V A G F V V V F G I F S T F G E F G P G N N T G L L A S K T C A S S I R G Q Y Y G I A A A I G K I G A F V G T W V F P A I Q K H Y A Y S E D L S L Q V P F Y V S S A L C L F S A F L T I F F V P P V G Q D A I N K E D R L F K E Y L E E N G V D I R L L G D S G V V T Q Y Q E D E D I G V I S D E K D D T V K V Q Q K N V,98
M H Y R F L R D S F V G R V T Y H L S K H K Y F A H P E E A K D Y I V P E K Y L A D Y K P T L A D D T S I N F E K E E I D N Q G E P N S S Q S S S S N N T I V D N N N N N D N D V D G D K I V V T W D G D D D P E N P Q N W P T L Q K A F F I F Q I S F L T T S V Y M G S A V Y T P G I E E L M H D F G I G R V V A T L P L T L F V I G Y G V G P L V F S P M S E N A I F G R T S I Y I I T L F L F V I L Q I P T A L V N N I A G L C I L R F L G G F F A S P C L A T G G A S V A D V V K F W N L P V G L A A W S L G A V C G P S F G P F F G S I L T V K A S W R W T F W F M C I I S G F S F V M L C F T L P E T F G K T L L Y R K A K R L R A I T G N D R I T S E G E V E N S K M T S H E L I I D T L W R P L E I T V M E P V V L L I N I Y I A M V Y S I L Y L F F E V F P I Y F V G V K H F T L V E L G T T Y M S I V I G I V I A A F I Y I P V I R Q K F T K P I L R Q E Q V F P E V F I P I A I V G G I L L T S G L F I F G W S A N R T T H W V G P L F G A A T T A S G A F L I F Q T L F N F M G A S F K P H Y I A S V F A S N D L F R S V I A S V F P L F G A P L F D N L A T P E Y P V A W G S S V L G F I T L V M I A I P V L F Y L N G P K L R A R S K Y A N,106
M N E S N R E L I L G L S P V H L S L F N S E S L L H T F N F F G V G D G Q A N I A S N Y V T A S K F V I P Q P L Y S P H G N A L N P A F V E L I G Q A V N T F F A I F M L F Q L T R L L L T K K K S H R I Y T P T P F S Q T L K I S L V L L Q V I L V A S L Y F L N K N S Y F I G G I A A T V L A L I L H L V E F R R S P I A I E S L L T Y W S A N T A F T F A V F I Q D S Y S K H K I Y A N S G P A Y V I E I I S L V N S F L I F V F E V G Y Y K P G F E I T N E K F L D T V N L F S Y F T F Y Y L Q P L I N K I Y A T D D V Q L T D L P D I L G N I T C D D T K A K V A K A W E E E L K R T K K P G L V S K V W S F V T R R K V N S K P Q M F L A I A K A F F D K F A I S I T L A I I V T G L S F L Q P F L L R K F I Q F F S T Y F Y S V E K P P I I I G Y F W A S V M F L T S V A N F I A F N Q A F K T Q F D L G Y E I Q S S L T T L I Y E K A L R L S P Q S R K N K P T G D I I N H I T M D I D I I F W F C W Q L G E Y L A S P L K L A V C L A A L Y K L F S N A T W A G V I T A I I V A P L A T L V N A S M S K N Y I Q L M K D K D E R T S L I T E I L N S A K S I K F Y S W E K P M L A R L S H I R N D R E L N N I K K I G V V S A L A Q F L W S C I P F F I S C A T Y A T Y A Y F Y N V P L T P D I V F P A L A L F D L L S E P M L L I P S F I V E V I E V S T S L A R I G E L L C L D E L A D D Q H G Y V K R D P E P N D N S I Y S V I V K D A T F V W S E E T Q Q K Q Y T D E E S E V Q E V P A S N V A L K N I N F S A R K G E L A C I V G K V G S G K S T L I K A I L G D V P I K I P S Y S D D S T N P T P S V E T F G S I A Y C P Q N P W I L N G T V K E N I L F G H K Y D A E F Y Q K T I D A C E L I S D F K N L P D G D Q T V V G E K G I S L S G G Q K A R I S L A R S V Y T R A D I Y L L D D I L S A V D A H V G K N I I K K V L S N E G L I G N R C R I L A T N S V P V L H E A N D I Y L I A G G A F V E H G K F K E V M K R N G D L A K L I K E Y G R K K D E P T E E E T T E A S T E P K E E D H S N G K S D T A V H D E L D T D E L V D E I V D Y V G E Q N R G V V E Q A I L R R A S V V S Y G H N Y E N D E A D N G Q I R K T R H E Q E E S R K G T V P W D I F K Q Y I I A C D Y K Y F S F Y V A A T F S V V L I S A G E K Y L L S Y W S Q L N S E Q N D T V E P V F F L G T Y A T L G V V S G F L T Y M G A L V I W S Y C I V K G S T Y F H N K M A E S V L R S P M S F F D T T P I G R I L N R F T E D I G K I D M N L P W T I I S F I T T L L N G F V T F G V I L S F L P L M L V V I V S L L F V Y N Y F R I R F V P T T R E L K R L E S I A K S P V L A T I Q E S I N G V E T I K A F H Q R E R F V Y K S K K L I D E K T L I G V V Q Q N C N R W L S M R L Q T I S S S I M F F T A L L A V V T L G G K H P I L P S I L G F V M T Y S M S I T Y I L N S L V R I W A E M Q A G G V A I E R I I E Y C D L P S E A P M I I E D K R P Q D S W P A H G V V K F K K Y S T A Y R K H L D P V L R E I E L T I N S K E K V G I V G R T G A G K S S L T L A L F R I I E A T G G N I E I D G V D T S Q I G L Y D L R H H L T I I P Q E A H T F R A S V R E N L D P F G E Y S D D K L W K V L E L A H L K E H V T K M E T D P T E E E K K A S K N P D E L S K K V G L D A Q I E E G G S N L S S G Q K Q L L C L A R A L L N E T S K I L V L D E A T A A V D F Q T D K I I Q E T I R T E F K D K T I L T I A H R I D T I M D S D K I L V L D S G K V A E F D S P Q N L L K N K D S I F Y S L A K E G G Y I D,100
M S L I D I Q N L T I K N T S E K S L I K G I D L K I F S Q Q I N A L I G E S G A G K S L I A K A L L E Y L P F D L S C T Y D S Y Q F D G E N V S R L S Q Y Y G H T I G Y I S Q N Y A E S F N D H T K L G K Q L T A I Y R K H Y K G S K E E A L S K V D K A L S W V N L Q S K D I L N K Y S F Q L S G G Q L E R V Y I A S V L M L E P K L I I A D E P V A S L D A L N G N Q V M D L L Q H I V L E H G Q T L F I I T H N L S H V L K Y C Q Y I Y V L K E G Q I I E R G N I N H F K Y E H L H P Y T E R L I K Y R T Q L K R D Y Y D,96
M S A L N K K S F L T Y L K E G G I Y V V L L V L L A I I I F Q D P T F L S L L N L S N I L T Q S S V R I I I A L G V A G L I V T Q G T D L S A G R Q V G L A A V V A A T L L Q S M D N A N K V F P E M A T M P I A L V I L I V C A I G A V I G L I N G L I I A Y L N V T P F I T T L G T M I I V Y G I N S L Y Y D F V G A S P I S G F D S G F S T F A Q G F V A L G S F R L S Y I T F Y A L I A V A F V W V L W N K T R F G K N I F A I G G N P E A A K V S G V N V G L N L L M I Y A L S G V F Y A F G G M L E A G R I G S A T N N L G F M Y E L D A I A A C V V G G V S F S G G V G T V I G V V T G V I I F T V I N Y G L T Y I G V N P Y W Q Y I I K G A I I I F A V A L D S L K Y A R K K,113
M L E E G N N V Y E I Q D L E K R S P V I G S S L E N E K K V A A S E T F T A T S E D D Q Q Y I V E S S E A T K L S W F H K F F A S L N A E T K G V E P V T E D E K T D D S I L N A A S M W F S A N M V I A S Y A L G A L G P M V F G L N F G Q S V L V I I F F N I M G L I F V A F F S V F G A E L G L R Q M I L S R Y L V G N V T A R I F S L I N V I A C V G W G I V N T S V S A Q L L N M V N E G S G H V C P I W A G C L I I I G G T V L V T F F G Y S V I H A Y E K W S W V P N F A V F L V I I A Q L S R S G K F K G G E W V G G A T T A G S V L S F G S S I F G F A A G W T T Y A A D Y T V Y M P K S T N K Y K I F F S L V A G L A F P L F F T M I L G A A S A M A A L N D P T W K A Y Y D K N A M G G V I Y A I L V P N S L N G F G Q F C C V L L A L S T I A N N I P N M Y T V A L S A Q A L W A P L A K I P R V V W T M A G N A A T L G I S I P A T Y Y F D G F M E N F M D S I G Y Y L A I Y I A I S C S E H F F Y R R S F S A Y N I D D W D N W E H L P I G I A G T A A L I V G A F G V A L G M C Q T Y W V G E I G R L I G K Y G G D I G F E L G A S W A F I I Y N I L R P L E L K Y F G R,137
M S Q D N N F S Q G P V P Q S A R K G V L A L T F V M L G L T F F S A S M W T G G T L G T G L S Y H D F F L A V L I G N L L L G I Y T S F L G Y I G A K T G L T T H L L A R F S F G V K G S W L P S L L L G G T Q V G W F G V G V A M F A I P V G K A T G L D I N L L I A V S G L L M T V T V F F G I S A L T V L S V I A V P A I A C L G G Y S V W L A V N G M G G L D A L K A V V P A Q P L D F N V A L A L V V G S F I S A G T L T A D F V R F G R N A K L A V L V A M V A F F L G N S L M F I F G A A G A A A L G M A D I S D V M I A Q G L L L P A I V V L G L N I W T T N D N A L Y A S G L G F A N I T G M S S K T L S V I N G I I G T V C A L W L Y N N F V G W L T F L S A A I P P V G G V I I A D Y L M N R R R Y E H F A T T R M M S V N W V A I L A V A L G I A A G H W L P G I V P V N A V L G G A L S Y L I L N P I L N R K T T A A M T H V E A N S V E,114
M E V E E E V S R W E G Y A D W R N R A A V K G R H G G M L A A S F V L V V E I L E N L A Y L A N A S N L V L Y L R E Y M H M S P S K S A N D V T N F M G T A F L L A L L G G F L S D A F F S T F Q I F L I S A S I E F L G L I I L T I Q A R T P S L M P P S C D S P T C E E V S G S K A A M L F V G L Y L V A L G V G G I K G S L A S H G A E Q F D E S T P K G R K Q R S T F F N Y F V F C L A C G A L V A V T F V V W L E D N K G W E W G F G V S T I A I F V S I L I F L S G S R F Y R N K I P C G S P L T T I L K V L L A A S V K C C S S G S S S N A V A S M S V S P S N H C V S K G K K E V E S Q G E L E K P R Q E E A L P P R A Q L T N S L K V L N G A A D E K P V H R L L E C T V Q Q V E D V K I V L K M L P I F A C T I M L N C C L A Q L S T F S V Q Q A A S M N T K I G S L K I P P A S L P I F P V V F I M I L A P I Y D H L I I P F A R K A T K T E T G V T H L Q R I G V G L V L S I L A M A V A A L V E I K R K G V A K D S G L L D S K E T L P V T F L W I A L Q Y L F L G S A D L F T L A G L L E Y F F T E A P S S M R S L A T S L S W A S L A M G Y Y L S S V I V S I V N S I T G S S G N T P W L R G K S I N R Y K L D Y F Y W L M C V L S A A N F L H Y L F W A M R Y K Y R S T G S R S,115
M E A S W G S F N A E R G W Y V S V Q Q P E E A E A E E L S P L L S N E L H R Q R S P G V S F G L S V F N L M N A I M G S G I L G L A Y V L A N T G V F G F S F L L L T V A L L A S Y S V H L L L S M C I Q T A V T S Y E D L G L F A F G L P G K L V V A G T I I I Q N I G A M S S Y L L I I K T E L P A A I A E F L T G D Y S R Y W Y L D G Q T L L I I I C V G I V F P L A L L P K I G F L G Y T S S L S F F F M M F F A L V V I I K K W S I P C P L T L N Y V E K G F Q I S N V T D D C K P K L F H F S K E S A Y A L P T M A F S F L C H T S I L P I Y C E L Q S P S K K R M Q N V T N T A I A L S F L I Y F I S A L F G Y L T F Y D K V E S E L L K G Y S K Y L S H D V V V M T V K L C I L F A V L L T V P L I H F P A R K A V T M M F F S N F P F S W I R H F L I T L A L N I I I V L L A I Y V P D I R N V F G V V G A S T S T C L I F I F P G L F Y L K L S R E D F L S W K K L G A F V L L I F G I L V G N F S L A L I I F D W I N K,102
M L Q I C I R R V T V K N D N A V E H N N Q D C F L S R T S S R D E S H A L H K V R E S V C G M V I L P D K A H S S I R Y Q D H Q L Y F C S A S C E S K F K A H P D H Y F T E D A S E H H H H H D H H E V S P D K I K Q S H R Q A E K E I S E G V W T C P M H P E I R R S G P G S C P V C G M A L E P L V A T A S T G T S D E L R D M T R R F W L G L L L A F P V L I L E M G S H L F P A L R N T V P P Q Y N T W L Q L L L A S P V V L W C G W P F F A R A G M S L R N R S L N M F T L V A M G T G V A W V Y S V I A T V F P S W F P A S F R N M D G L V A I Y F E A A A V I T V L V L L G Q V L E L R A R E Q T S G A I T A L L N L A P K T A R R L D Q D G H E T D I N A E D V L P G D K L R I R P G E S I P V D G I V V E G K T T V D E S M V T G E S M P V T K T E G E P V I G G T I N Q T G S L I I R A E K V G D E T M L S R I V Q M V A D A Q R S R A P I Q R M A D S V S G W F V P L V I L I A V V A F M I W S V W G P E P R M A H G L I A A V S V L I I A C P C A L G L A T P M S I M V G V G K G A Q A G V L I K N A E A L E R L E K V D T L V V D K T G T L T E G S P T V T G I I S L N P G G E T S L L R V T A A V D K G S Q H P L G M A V V K A A Q E K G I A I P A V T H F N A P S G K G V S G D V E G Q R V V I G N E L A M Q E N S I V I D N Q K A V A D T L R M E G T T V I Y V A T D G H L A G L I A I S D P V K A T T P D A L K A L R Q A G I R I V M L T G D N Q L T A E A V A R K L G I D E V E A G I L P D G K K A V I T R L K A S G H V V A M A G D G V N D A P A L A A A D V G I A M G T G T D V A I E S A G V T L L K G D L M I L N R A R H L S E I T M K N I R Q N L F F A F I Y N A L G V P V A A G L L Y P V Y G I L L S P V I A A A A M A L S S V S V I V N A L R L K S V R L G K,119
M V A N W V L A L T R Q F D P F M F M M V M G V G I S S N I L Y S F P Y P A R W L R I C S Y I M F A I A C L I F I A V Q A L Q I L H L I V Y I K E K S F R E Y F N D F F R N M K H N L F W G T Y P M G L V T I I N F L G A L S K A N T T K S P T N A R N L M I F V Y V L W W Y D L A V C L V I A W G I S F L I W H D Y Y P L E G I G N Y P S Y N I K M A S E N M K S V L L L D I I P L V V V A S S C G T F T M S E I F F H A F N R N I Q L I T L V I C A L T W L H A I I F V F I L I A I Y F W S L Y I N K I P P M T Q V F T L F L L L G P M G Q G S F G V L L L T D N I K K Y A G K Y Y P T D N I T R E Q E I L T I A V P W C F K I L G M V S A M A L L A M G Y F F T V I S V V S I L S Y Y N K K E I E N E T G K V K R V Y T F H K G F W G M T F P M G T M S L G N E E L Y V Q Y N Q Y V P L Y A F R V L G T I Y G G V C V C W S I L C L L C T L H E Y S K K M L H A A R K S S L F S E S G T E K T T V S P Y N S I E S V E E S N S A L D F T R L A,139
M Y S I V K E I I V D P Y K R L K W G F I P V K R Q V E D L P D D L N S T E I V T I S N S I Q S H E T A E N F I T T T S E K D Q L H F E T S S Y S E H K D N V N V T R S Y E Y R D E A D R P W W R F F D E Q E Y R I N E K E R S H N K W Y S W F K Q G T S F K E K K L L I K L D V L L A F Y S C I A Y W V K Y L D T V N I N N A Y V S G M K E D L G F Q G N D L V H T Q V M Y T V G N I I F Q L P F L I Y L N K L P L N Y V L P S L D L C W S L L T V G A A Y V N S V P H L K A I R F F I G A F E A P S Y L A Y Q Y L F G S F Y K H D E M V R R S A F Y Y L G Q Y I G I L S A G G I Q S A V Y S S L N G V N G L E G W R W N F I I D A I V S V V V G L I G F Y S L P G D P Y N C Y S I F L T D D E I R L A R K R L K E N Q T G K S D F E T K V F D I K L W K T I F S D W K I Y I L T L W N I F C W N D S N V S S G A Y L L W L K S L K R Y S I P K L N Q L S M I T P G L G M V Y L M L T G I I A D K L H S R W F A I I F T Q V F N I I G N S I L A A W D V A E G A K W F A F M L Q C F G W A M A P V L Y S W Q N D I C R R D A Q T R A I T L V T M N I M A Q S S T A W I S V L V W K T E E A P R Y L K G F T F T A C S A F C L S I W T F V V L Y F Y K R D E R N N A K K N G I V L Y N S K H G V E K P T S K D V E T L S V S D E K,112
M N N P Q T G Q S T G L L G N R W F Y L V L A V L L M C M I S G V Q Y S W T L Y A N P V K D N L G V S L A A V Q T A F T L S Q V I Q A G S Q P G G G Y F V D K F G P R I P L M F G G A M V L A G W T F M G M V D S V P A L Y A L Y T L A G A G V G I V Y G I A M N T A N R W F P D K R G L A S G F T A A G Y G L G V L P F L P L I S S V L K V E G V G A A F M Y T G L I M G I L I I L I A F V I R F P G Q Q G A K K Q I V V T D K D F N S G E M L R T P Q F W V L W T A F F S V N F G G L L L V A N S V P Y G R S L G L A A G V L T I G V S I Q N L F N G G C R P F W G F V S D K I G R Y K T M S V V F G I N A V V L A L F P T I A A L G D V A F I A M L A I A F F T W G G S Y A L F P S T N S D I F G T A Y S A R N Y G F F W A A K A T A S I F G G G L G A A I A T N F G W N T A F L I T A I T S F I A F A L A T F V I P R M G R P V K K M V K L S P E E K A V H,136
M A Q F A Q V M A E V G D F G R F Q V R L T I L M G I P N F L A A F F I F G Q V F M V L D E A H H C S V S W V K N H T F N L S A A E Q L A I S I P N D T A G R P E S C L M F R P P P D S A S L E D I L S H R F N E T Q A C D S G W D Y P E N R P Q S L K K E F D L V C D R K N L K K T S Q S V F M A G L L V G A L V F G P V C D W I G R R P S L L M Q V L L S G I T S M A T A F V S S F E L Y L A L R F V L A T A N A G F L L S T N V L I S E W V G P S W R T Q A V V L A Q S N V A L G Q M V L A G L A Y G V R N W R L L Q I T G T A P V L L L F F Y F W V L P E S P R W L L S Q G R T E E A K Q L V Q K A A L V N G R P L S P E L L N Q L V P E K T G P S G N A L D L F R H P H L R K V T L I L I A V W F V D S L V Y Y S L S F Q V G D F G L D I Y V T Q L I F G A V E M P G R F L S V L M M E K L G R K W S Q L C T L T L A G I M Y I I I I F I P G D L P T V V T V L A V V G K F A S A A A F T I S Y V Y T A E L F P T I I R Q T G M G L V S I F S R V G G I I T P L V M L L E Q Y H Q A I P M V I F G S L P I G A G L L C A L L P E T R G Q T L K D T L Q D L E Q G L P A G S H K T A P Q R Q D M E A L G R T S S V R V A V V K S S Y F,105
M F K S F F P K P G T F F L S A F V W A L I A V I F W Q A G G G D W V A R I T G A S G Q I P I S A A R F W S L D F L I F Y A Y Y I V C V G L F A L F W F I Y S P H R W Q Y W S I L G T A L I I F V T W F L V E V G V A V N A W Y A P F Y D L I Q T A L S S P H K V T I E Q F Y R E V G V F L G I A L I A V V I S V L N N F F V S H Y V F R W R T A M N E Y Y M A N W Q Q L R H I E G A A Q R V Q E D T M R F A S T L E N M G V S F I N A I M T L I A F L P V L V T L S A H V P E L P I I G H I P Y G L V I A A I V W S L M G T G L L A V V G I K L P G L E F K N Q R V E A A Y R K E L V Y G E D D A T R A T P P T V R E L F S A V R K N Y F R L Y F H Y M Y F N I A R I L Y L Q V D N V F G L F L L F P S I V A G T I T L G L M T Q I T N V F G Q V R G A F Q Y L I N S W T T L V E L M S I Y K R L R S F E H E L D G D K I Q E V T H T L S,121
M G A V L G V F S L A S W V P C L C S G A S C L L C S C C P N S K N S T V T R L I Y A F I L L L S T V V S Y I M Q R K E M E T Y L K K I P G F C E G G F K I H E A D I N A D K D C D V L V G Y K A V Y R I S F A M A I F F F V F S L L M F K V K T S K D L R A A V H N G F W F F K I A A L I G I M V G S F Y I P G G Y F S S V W F V V G M I G A A L F I L I Q L V L L V D F A H S W N E S W V N R M E E G N P R L W Y A A L L S F T S A F Y I L S I I C V G L L Y T Y Y T K P D G C T E N K F F I S I N L I L C V V A S I I S I H P K I Q E H Q P R S G L L Q S S L I T L Y T M Y L T W S A M S N E P D R S C N P N L M S F I T R I T A P T L A P G N S T A V V P T P T P P S K S G S L L D S D N F I G L F V F V L C L L Y S S I R T S T N S Q V D K L T L S G S D S V I L G D T T T S G A S D E E D G Q P R R A V D N E K E G V Q Y S Y S L F H L M L C L A S L Y I M M T L T S W Y S P D A K F Q S M T S K W P A V W V K I S S S W V C L L L Y V W T L V A P L V L T S R D F S,104
M A S N N S R T N S R A N Y S N E I H D L S T V Q N G T M P T M Y Y G E K A I A D F F P P H L L K K V V S E V V A T F L L V F M T C G A A G I S G S D L S R I S Q L G Q S I A G G L I V T V M I Y A V G H I S G A H M N P A V T L A F A V F R H F P W I Q V P F Y W A A Q F T G A I C A S F V L K A V I H P V D V I G T T T P V G P H W H S L V V E V I V T F N M M F V T L A V A T D T R A V G E L A G L A V G S A V C I T S I F A G A I S G G S M N P A R T L G P A L A S N K F D G L W I Y F L G P V M G T L S G A W T Y T F I R F E D T P K E G S S Q K L S S F K L R R L R S Q Q S I A A D D V D E M E N I Q V,125
M T T D Q H Q E I L R T E G L S K F F P G V K A L D N V D F S L R R G E I M A L L G E N G A G K S T L I K A L T G V Y H A D R G T I W L E G Q A I S P K N T A H A Q Q L G I G T V Y Q E V N L L P N M S V A D N L F I G R E P K R F G L L R R K E M E K R A T E L M A S Y G F S L D V R E P L N R F S V A M Q Q I V A I C R A I D L S A K V L I L D E P T A S L D T Q E V E L L F D L M R Q L R D R G V S L I F V T H F L D Q V Y Q V S D R I T V L R N G S F V G C R E T C E L P Q I E L V K M M L G R E L D T H A L Q R A G R T L L S D K P V A A F K N Y G K K G T I A P F D L E V R P G E I V G L A G L L G S G R T E T A E V I F G I K P A D S G T A L I K G K P Q N L R S P H Q A S V L G I G F C P E D R K T D G I I A A A S V R E N I I L A L Q A Q R G W L R P I S R K E Q Q E I A E R F I R Q L G I R T P S T E Q P I E F L S G G N Q Q K V L L S R W L L T R P Q F L I L D E P T R G I D V G A H A E I I R L I E T L C A D G L A L L V I S S E L E E L V G Y A D R V I I M R D R K Q V A E I P L A E L S V P A I M N A I A A,135
M F K E E D S L R K G Q N V A A W K T L L A G A V S G L L A R S I T A P M D T I K I R L Q L T P A N G L K P F G S Q V M E V A R S M I K N E G I R S F W K G N I P G S L L Y V T Y G S A Q F S S Y S L F N R Y L T P F G L E A R L H S L V V G A F A G I T S S I V S Y P F D V L R T R L V A N N Q M H S M S I T R E V R D I W K L E G L P G F F K G S I A S M T T I T L T A S I M F G T Y E T I R I Y C D E N E K T T A A H K K W E L A T L N H S A G T I G G V I A K I I T F P L E T I R R R M Q F M N S K H L E K F S R H S S V Y G S Y K G Y G F A R I G L Q I L K Q E G V S S L Y R G I L V A L S K T I P T T F V S F W G Y E T A I H Y L R M Y,101
M T T E I T R P P A P P S R P S E S R K P S L P G L L H L V A I A A V L A T I V S A W A I D F V P T A L I D G S D N I V A L L Q R M I P P R L D D P A R I G M L A V E T L L M A V L G T T L A A I A S V P L A F L A A R N T T P H P A V Q A V A R A V I T F C R A M P D L L F A V L F V R A L G I G V L P G V L A L A L H S I G M L G K V F A D A I E Q T D A G P R E A V R S T G V G Y F R E L L N A V V P Q V V P S W I A M F V Y R I D I N L R M S V V L G F V G A G G I G F A L Q D A L R G L I Y P R A L G I V C V I L V I I A G M E L L A I A I R R I L L D P S R S N P L R D R I A R F G L S G V L V G S C V A A F V L L K I N P L A L F T W V F P S V G I F T R M V P P N F D A L G V D L F T A A A Q T V A I G V V A T A I G I A L S I P A G I L A A R N V S P H P A L Y W P A R A W I L V V R A V P E L I L A V V F V A A L G L G P I A G T C A L A I G S I G F L A K L V A D A V E E I D P G P M E A V R S V G G G W W K T L F A A V L P Q S M P A L V G S S L Y L F D V N V R T S T I L G I V G A G G V G Y L L F E S I R T L N F D V A G A I V I V I F V I V Y A I E R L S G W I R S R L V,140
M R L F S I P P P T L L A G F L A V L I G Y A S S A A I I W Q A A I V A G A T T A Q I S G W M T A L G L A M G V S T L T L T L W Y R V P V L T A W S T P G A A L L V T G L Q G L T L N E A I G V F I V T N A L I V L C G I T G L F A R L M R I I P H S L A A A M L A G I L L R F G L Q A F A S L D G Q F T L C G S M L L V W L A T K A V A P R Y A V I A A M I I G I V I V I A Q G D V V T T D V V F K P V L P T Y I T P D F S F A H S L S V A L P L F L V T M A S Q N A P G I A A M K A A G Y S A P V S P L I V F T G L L A L V F S P F G V Y S V G I A A I T A A I C Q S P E A H P D K D Q R W L A A A V A G I F Y L L A G L F G S A I T G M M A A L P V S W I Q M L A G L A L L S T I G G S L Y Q A L H N E R E R D A A V V A F L V T A S G L T L V G I G S A F W G L I A G G V C Y V V L N L I A D R N R Y,147
M S F G S K V S R A L R F L E I P V K D R A S V S F L K N P D L Q P I K S A N Q T W G F W S N F A Y W G V M S F S V G T W M S A S S A L G V G L S Y P E T I G T F I V G D V L T I I F T L A N S C P G Y D W K V G F T L A Q R F V F G I Y G S A F G I I I R I L M S I V N Y G S N A W V G G L C I N M I L D S W S H H Y L H L P N T L S S K V A M T T K E L I G F I I F H V L T A F C Y L M K P Y H M N Y I L I W S C V A T F F S M L G M V I Y L A K Q A H G V G E L F T S T K S T A T G S T K A W A W V Y M I S Y W F G S V S P G S T N Q S D Y S R F G S S N W A I W A G T I C A L L I P T T L I P V F G V I G A S T C D K L Y G E Q Y W M P M D I F N H W L T T N Y S A G A R A G A F F C G L S F V L S Q M S Y T I S N C G F A S G M D L A G L L P K Y V D I K R G A L F A A C V S W A C L P W N F Y N S S S T F L T V M S S F G V V M T P I I S V M I C D N F L I R K R Q Y S I T N A F I L K G E Y Y F T K G V N W R A I V A W V C G M T P G L P G I A W E V N N D Y F H N T G I V N F F Y G D S F F S F L I S F F V Y W G L C L L F P F K I T V K H D D K D Y Y G A F T D E E A R K K G M V P Y S E I S E E E I R A Y T L G E G Y T T G H E Y R P E G S D D E I P E L V K T S S E N T N E F E I V H H K N N E K Q S S T A S E K A A,127
M V S S T T P S S G E Y L L E M S G I N K S F P G V K A L D N V N L K V R P H S I H A L M G E N G A G K S T L L K C L F G I Y Q K D S G T I L F Q G K E I D F H S A K E A L E N G I S M V H Q E L N L V L Q R S V M D N M W L G R Y P T K G M F V D Q D K M Y R E T K A I F D E L D I D I D P R A R V G T L S V S Q M Q M I E I A K A F S Y N A K I V I M D E P T S S L T E K E V N H L F T I I R K L K E R G C G I V Y I S H K M E E I F Q L C D E V T V L R D G Q W I A T E P L A G L T M D K I I A M M V G R S L N Q R F P D K E N K P G E V I L E V R N L T S L R Q P S I R D V S F D L H K G E I L G I A G L V G A K R T D I V E T L F G I R E K S A G T I T L H G K Q I N N H N A N E A I N H G F A L V T E E R R S T G I Y A Y L D I G F N S L I S N I R N Y K N K V G L L D N S R M K S D T Q W V I D S M R V K T P G H R T Q I G S L S G G N Q Q K V I I G R W L L T Q P E I L M L D E P T R G I D V G A K F E I Y Q L I A E L A K K G K G I I I I S S E M P E L L G I T D R I L V M S N G L V S G I V D T K T T T Q N E I L R L A S L H L,113
M G W G G G G G C T P R P P I H Q Q P P E R R V V T V V F L G L L L D L L A F T L L L P L L P G L L E S H G R A H D P L Y G S W Q G G V D W F A T A I G M P V E K R Y N S V L F G G L I G S A F S V L Q F L C A P L T G A T S D C L G R R P V M L L C L M G V A T S Y A V W A T S R S F A A F L A S R L I G G I S K G N V S L S T A I V A D L G S P L A R S Q G M A V I G V A F S L G F T L G P M L G A S L P L E M A P W F A L L F A A S D L L F I F C F L P E T L P L E K R A P S I A L G F R D A A D L L S P L A L L R F S A V A R G Q D P P S G D R L S S L R R L G L V Y F L Y L F L F S G L E Y T L S F L T H Q R F Q F S S L Q Q G K M F F L I G L T M A T I Q G A Y A R R I H P G G E V A A V K R A L L L L V P A F L L I G W G R S L P V L G L G L L L Y S F A A A V V V P C L S S V V A G Y G S P G Q K G T V M G T L R S L G A L A R A A G P L V A A S V Y W L A G A Q A C F T T W S G L F L L P F F L L Q K L S Y P A Q T L K A E,148
M V G Y D P K P D G R N N T K F Q V A V A G S V S G L V T R A L I S P F D V I K I R F Q L Q H E R L S R S D P S A K Y H G I L Q A S R Q I L Q E E G P T A F W K G H V P A Q I L S I G Y G A V Q F L S F E M L T E L V H R G S V Y D A R E F S V H F V C G G L A A C M A T L T V H P V D V L R T R F A A Q G E P K V Y N T L R H A V G T M Y R S E G P Q V F Y K G L A P T L I A I F P Y A G L Q F S C Y S S L K H L Y K W A I P A E G K K N E N L Q N L L C G S G A G V I S K T L T Y P L D L F K K R L Q V G G F E H A R A A F G Q V R R Y K G L M D C A K Q V L Q K E G A L G F F K G L S P S L L K A A L S T G F M F F S Y E F F C N V F H C M N R T A S Q R,101
M I E L K H V T F G Y N K K Q M V L Q D I N I T I P D G E N V G I L G E S G C G K S T L A S L V L G L F K P V K G E I Y L S D N A V L P I F Q H P L T S F N P D W T I E T S L K E A L Y Y Y R G L T D N T A Q D Q L L L Q H L S T F E L N A Q L L T K L P S E V S G G Q L Q R F N V M R S L L A Q P R V L I C D E I T S N L D V I A E Q N V I N I L K A Q T I T N L N H F I V I S H D L S V L Q R L V N R I I V L K D G M I V D D F A I E E L F N V D R H P Y T K E L V Q A F S Y,96
M F S E V M R Y I L D L G P T V M L P I V I I I F S K I L G M K A G D C F K A G L H I G I G F V G I G L V I G L M L D S I G P A A K A M A E N F D L N L H V V D V G W P G S S P M T W A S Q I A L V A I P I A I L V N V A M L L T R M T R V V N V D I W N I W H M T F T G A L L H L A T G S W M I G M A G V V I H A A F V Y K L G D W F A R D T R N F F E L E G I A I P H G T S A Y M G P I A V L V D A I I E K I P G V N R I K F S A D D I Q R K F G P F G E P V T V G F V M G L I I G I L A G Y D V K G V L Q L A V K T A A V M L L M P R V I K P I M D G L T P I A K Q A R S R L Q A K F G G Q E F L I G L D P A L L L G H T A V V S A S L I F I P L T I L I A V C V P G N Q V L P F G D L A T I G F F V A M A V A V H R G N L F R T L I S G V I I M S I T L W I A T Q T I G L H T Q L A A N A G A L K A G G M V A S M D Q G G S P I T W L L I Q V F S P Q N I P G F I I I G A I Y L T G I F M T W R R A R G F I K Q E K V V L A E,142
M S I I A I T V F V A G Y A L I A S D R V S K T R V A L T C A A I M V G A G I V G S D D V F Y S H E A G I D W D V I F L L L G M M I I V S V L R H T G V F E Y V A I W A V K R A N A A P L R I M I L L V L V T A L G S A L L D N V T T V L L I A P V T L L V C D R L G V N S T P F L V A E V F A S N V G G A A T L V G D P P N I I I A S R A G L T F N D F L I H M A P A V L V V M I A L I G L L P W L L G S V T A E P D R V A D V L S L N E R E A I H D R G L L I K C G V V L V L V F A A F I A H P V L H I Q P S L V A L L G A G V L V R F S G L E R S D Y L S S V E W D T L L F F A G L F V M V G A L V K T G V V E Q L A R A A T E L T G G N E L L T V G L I L G I S A P V S G I I D N I P Y V A T M T P I V T E L V A A M P G H V H P D T F W W A L A L S A D F G G N L T A V A A S A N V V M L G I A R R S G T P I S F W K F T R K G A V V T A V S L V L S A V Y L W L R Y F V F G,108
M T R R A I G V S E R P P L L Q T I P L S L Q H L F A M F G A T V L V P V L F H I N P A T V L L F N G I G T L L Y L F I C K G K I P A Y L G S S F A F I S P V L L L L P L G Y E V A L G G F I M C G V L F C L V S F I V K K A G T G W L D V L F P P A A M G A I V A V I G L E L A G V A A G M A G L L P A E G Q T P D S K T I I I S I T T L A V T V L G S V L F R G F L A I I P I L I G V L V G Y A L S F A M G I V D T T P I I N A H W F A L P T L Y T P R F E W F A I L T I L P A A L V V I A E H V G H L V V T A N I V K K D L L R D P G L H R S M F A N G L S T V I S G F F G S T P N T T Y G E N I G V M A I T R V Y S T W V I G G A A I F A I L L S C V G K L A A A I Q M I P L P V M G G V S L L L Y G V I G A S G I R V L I E S K V D Y N K A Q N L I L T S V I L I I G V S G A K V N I G A A E L K G M A L A T I V G I G L S L I F K L I S V L R P E E V V L D A E D A D I T D K,109
M H L E G R D G R R Y P G A P A V E L L Q T S V P S G L A E L V A G K R R L P R G A G G A D P S H S C P R G A A G Q S S W A P A G Q E F A S F L T K G R S H S S L P Q M S S S R S K D S C F T E N T P L L R N S L Q E K G S R C I P V Y H P E F I T A E E S W E D S S A D W E R R Y L L S R E V S G L S A S A S S E K G D L L D S P H I R L R L S K L R R C V Q W L K V M G L F A F V V L C S I L F S L Y P D Q G K L W Q L L A L S P L E N Y S V N L S S H V D S T L L Q V D L A G A L V A S G P S R P G R E E H I V V E L T Q A D A L G S R W R R P Q Q V T H N W T V Y L N P R R S E H S V M S R T F E V L T R E T V S I S I R A S L Q Q T Q A V P L L M A H Q Y L R G S V E T Q V T I A T A I L A G V Y A L I I F E I V H R T L A A M L G S L A A L A A L A V I G D R P S L T H V V E W I D F E T L A L L F G M M I L V A I F S E T G F F D Y C A V K A Y R L S R G R V W A M I I M L C L I A A V L S A F L D N V T T M L L F T P V T I R L C E V L N L D P R Q V L I A E V I F T N I G G A A T A I G D P P N V I I V S N Q E L R K M G L D F A G F T A H M F I G I C L V L L V C F P L L R L L Y W N R K L Y N K E P S E I V E L K H E I H V W R L T A Q R I S P A S R E E T A V R R L L L G K V L A L E H L L A R R L H T F H R Q I S Q E D K N W E T N I Q E L Q K K H R I S D G I L L A K C L T V L G F V I F M F F L N S F V P G I H L D L G W I A I L G A I W L L I L A D I H D F E I I L H R V E W A T L L F F A A L F V L M E A L A H L H L I E Y V G E Q T A L L I K M V P E E Q R L I A A I V L V V W V S A L A S S L I D N I P F T A T M I P V L L N L S H D P E V G L P A P P L M Y A L A F G A C L G G N G T L I G A S A N V V C A G I A E Q H G Y G F S F M E F F R L G F P M M V V S C T V G M C Y L L V A H V V V G W N,103
M E A L L Q L K G I D K A F P G V K A L S G A A L N V Y P G R V M A L V G E N G A G K S T M M K V L T G I Y T R D A G T L L W L G K E T T F T G P K S S Q E A G I G I I H Q E L N L I P Q L T I A E N I F L G R E F V N R F G K I D W K T M Y A E A D K L L A K L N L R F K S D K L V G D L S I G D Q Q M V E I A K V L S F E S K V I I M D E P T D A L T D T E T E S L F R V I R E L K S Q G R G I V Y I S H R M K E I F E I C D D V T V F R D G Q F I A E R E V A S L T E D S L I E M M V G R K L E D Q Y P H L D K A P G D I R L K V D N L C G P G V N D V S F T L R K G E I L G V S G L M G A G R T E L M K V L Y G A L P R T S G Y V T L D G H E V V T R S P Q D G L A N G I V Y I S E D R K R D G L V L G M S V K E N M S L T A L R Y F S R A G G S L K H A D E Q Q A V S D F I R L F N V K T P S M E Q A I G L L S G G N Q Q K V A I A R G L M T R P K V L I L D E P T R G V D V G A K K E I Y Q L I N Q F K A D G L S I I L V S S E M P E V L G M S D R I I V M H E G H L S G E F T R E Q A T Q E V L M A A A V G K L N R V N Q E,141
M A G H T Q Q P S G R G N P R P A P S P S P V P G T V P G A S E R V A L K K E I G L L S A C T I I I G N I I G S G I F I S P K G V L E H S G S V G L A L F V W V L G G G V T A L G S L C Y A E L G V A I P K S G G D Y A Y V T E I F G G L A G F L L L W S A V L I M Y P T S L A V I S M T F S N Y V L Q P V F P N C I P P T T A S R V L S M A C L M L L T W V N S S S V R W A T R I Q D M F T G G K L L A L S L I I G V G L L Q I F Q G H F E E L R P S N A F A F W M T P S V G H L A L A F L Q G S F A F S G W N F L N Y V T E E M V D A R K N L P R A I F I S I P L V T F V Y T F T N I A Y F T A M S P Q E L L S S N A V A V T F G E K L L G Y F S W V M P V S V A L S T F G G I N G Y L F T Y S R L C F S G A R E G H L P S L L A M I H V R H C T P I P A L L V C C G A T A V I M L V G D T Y T L I N Y V S F I N Y L C Y G V T I L G L L L L R W R R P A L H R P I K V N L L I P V A Y L V F W A F L L V F S F I S E P M V C G V G V I I I L T G V P I F F L G V F W R S K P K C V H R L T E S M T H W G Q E L C F V V Y P Q D A P E E E E N G P C P P S L L P A T D K P S K P Q,104
M S S L E V V D G C P Y G Y R P Y P D S G T N A L N P C F I S V I S A W Q A V F F L L I G S Y Q L W K L Y K N N K V P P R F K N F P T L P S K I N S R H L T H L T N V C F Q S T L I I C E L A L V S Q S S D R V Y P F I L K K A L Y L N L L F N L G I S L P T Q Y L A Y F K S T F S M G N Q L F Y Y M F Q I L L Q L F L I L Q R Y Y H G S S N E R L T V I S G Q T A M I L E V L L L F N S V A I F I Y D L C I F E P I N E L S E Y Y K K N G W Y P P V H V L S Y I T F I W M N K L I V E T Y R N K K I K D P N Q L P L P P V D L N I K S I S K E F K A N W E L E K W L N R N S L W R A I W K S F G R T I S V A M L Y E T T S D L L S V V Q P Q F L R I F I D G L N P E T S S K Y P P L N G V F I A L T L F V I S V V S V F L T N Q F Y I G I F E A G L G I R G S L A S L V Y Q K S L R L T L A E R N E K S T G D I L N L M S V D V L R I Q R F F E N A Q T I I G A P I Q I I V V L T S L Y W L L G K A V I G G L V T M A I M M P I N A F L S R K V K K L S K T Q M K Y K D M R I K T I T E L L N A I K S I K L Y A W E E P M M A R L N H V R N D M E L K N F R K I G I V S N L I Y F A W N C V P L M V T C S T F G L F S L F S D S P L S P A I V F P S L S L F N I L N S A I Y S V P S M I N T I I E T S V S M E R L K S F L L S D E I D D S F I E R I D P S A D E R A L P A I E M N N I T F L W K S K E V L T S S Q S G D N L R T D E E S I I G S S Q I A L K N I D H F E A K R G D L V C V V G R V G A G K S T F L K A I L G Q L P C M S G S R D S I P P K L I I R S S S V A Y C S Q E S W I M N A S V R E N I L F G H K F D Q D Y Y D L T I K A C Q L L P D L K I L P D G D E T L V G E K G I S L S G G Q K A R L S L A R A V Y S R A D I Y L L D D I L S A V D A E V S K N I I E Y V L I G K T A L L K N K T I I L T T N T V S I L K H S Q M I Y A L E N G E I V E Q G N Y E D V M N R K N N T S K L K K L L E E F D S P I D N G N E S D V Q T E H R S E S E V D E P L Q L K V T E S E T E D E V V T E S E L E L I K A N S R R A S L A T L R P R P F V G A Q L D S V K K T A Q K A E K T E V G R V K T K I Y L A Y I K A C G V L G V V L F F L F M I L T R V F D L A E N F W L K Y W S E S N E K N G S N E R V W M F V G V Y S L I G V A S A A F N N L R S I M M L L Y C S I R G S K K L H E S M A K S V I R S P M T F F E T T P V G R I I N R F S S D M D A V D S N L Q Y I F S F F F K S I L T Y L V T V I L V G Y N M P W F L V F N M F L V V I Y I Y Y Q T F Y I V L S R E L K R L I S I S Y S P I M S L M S E S L N G Y S I I D A Y D H F E R F I Y L N Y E K I Q Y N V D F V F N F R S T N R W L S V R L Q T I G A T I V L A T A I L A L A T M N T K R Q L S S G M V G L L M S Y S L E V T G S L T W I V R T T V T I E T N I V S V E R I V E Y C E L P P E A Q S I N P E K R P D E N W P S K G G I E F K N Y S T K Y R E N L D P V L N N I N V K I E P C E K V G I V G R T G A G K S T L S L A L F R I L E P T E G K I I I D G I D I S D I G L F D L R S H L A I I P Q D A Q A F E G T V K T N L D P F N R Y S E D E L K R A V E Q A H L K P H L E K M L H S K P R G D D S N E E D G N V N D I L D V K I N E N G S N L S V G Q R Q L L C L A R A L L N R S K I L V L D E A T A S V D M E T D K I I Q D T I R R E F K D R T I L T I A H R I D T V L D S D K I I V L D Q G S V R E F D S P S K L L S D K T S I F Y S L C E K G G Y L K,100
M E S T E A T M V E R K A E S P S S G D R A R S I E L A H Q P T G A G A S L S S F E V G G A K Q G V N K A Q D S A V N K G A A N T P P R V A F G L S R Y V V L V A Y C L Y C L L S G P S F M N W T T I A D S L Y K S G A F E W E C K P G E I D T S V L P H E P K C P E Q E V S V N H L F T V A S C S Y F V F A M L G G I M L D F A G P K F G A L T G L A C L I T G W T L F G F S S E S F R A Y V P A M V F M G A G I D M A F F P C L C G A N L F P G M V A T I I A V Y G S F R S I S F I V G L S L R T I Y I N V E G A T F R G V M L G Y V G A G L G F C L L V A L F I I P R R A W P A P D E A P S A S A E Q D V E A G A D A L A Q K G E K N L T A I Q S M K R D F L S L S F L P L F P Y F V L V L I T I L F F A P S A K R L I P S A Y E A N Q I I S I F S F V P C I I L G G I A D R L G I V P V M M I C N T C G L L S W I L M L I P G I P C F A A S Q Y I V S I L I S I Q M S F L V S Q V Y C Y V T E I F Y P E N L G K M I G F L C S V G G I I S L V T D P M R K Y S V D N G F Y T M T V L C L I F A L I N E G L L L F M Y V R K R K V P K V L,103
M A A A A A V G N A V P C G A R P C G V R P D G Q P K P G P Q P R A L L A A G P A L I A N G D E L V A A V W P Y R R L A L L R R L T V L P F A G L L Y P A W L G A A A A G C W G W G S S W V Q I P E A A L L V L A T I C L A H A L T V L S G H W S V H A H C A L T C T P E Y D P S K A T F V K V V P T P N N G S T E L V A L H R N E G E D G L E V L S F E F Q K I K Y S Y D A L E K K Q F L P V A F P V G N A F S Y Y Q S N R G F Q E D S E I R A A E K K F G S N K A E M V V P D F S E L F K E R A T A P F F V F Q V F C V G L W C L D E Y W Y Y S V F T L S M L V A F E A S L V Q Q Q M R N M S E I R K M G N K P H M I Q V Y R S R K W R P I A S D E I V P G D I V S I G R S P Q E N L V P C D V L L L R G R C I V D E A M L T G E S V P Q M K E P I E D L S P D R V L D L Q A D S R L H V I F G G T K V V Q H I P P Q K A T T G L K P V D S G C V A Y V L R T G F N T S Q G K L L R T I L F G V K R V T A N N L E T F I F I L F L L V F A I A A A A Y V W I E G T K D P S R N R Y K L F L E C T L I L T S V V P P E L P I E L S L A V N T S L I A L A K L Y M Y C T E P F R I P F A G K V E V C C F D K T G T L T S D S L V V R G V A G L R D G K E V T P V S S I P V E T H R A L A S C H S L M Q L D D G T L V G D P L E K A M L T A V D W T L T K D E K V F P R S I K T Q G L K I H Q R F H F A S A L K R M S V L A S Y E K L G S T D L C Y I A A V K G A P E T L H S M F S Q C P P D Y H H I H T E I S R E G A R V L A L G Y K E L G H L T H Q Q A R E V K R E A L E C S L K F V G F I V V S C P L K A D S K A V I R E I Q N A S H R V V M I T G D N P L T A C H V A Q E L H F I E K A H T L I L Q P P S E K G R Q C E W R S I D G S I V L P L A R G S P K A L A L E Y A L C L T G D G L A H L Q A T D P Q Q L L R L I P H V Q V F A R V A P K Q K E F V I T S L K E L G Y V T L M C G D G T N D V G A L K H A D V G V A L L A N A P E R V V E R R R R P R D S P T L S N S G I R A T S R T A K Q R S G L P P S E E Q P T S Q R D R L S Q V L R D L E D E S T P I V K L G D A S I A A P F T S K L S S I Q C I C H V I K Q G R C T L V T T L Q M F K I L A L N A L I L A Y S Q S V L Y L E G V K F S D F Q A T L Q G L L L A G C F L F I S R S K P L K T L S R E R P L P N I F N L Y T I L T V M L Q F F V H F L S L V Y L Y R E A Q A R S P E K Q E Q F V D L Y K E F E P S L V N S T V Y I M A M A M Q M A T F A I N Y K G P P F M E S L P E N K P L V W S L A V S L L A I I G L L L G S S P D F N S Q F G L V D I P V E F K L V I A Q V L L L D F C L A L L A D R V L Q F F L G T P K L K V P S,111
M V L E Q D L D P F V G G N W M N S A Y K G F T F L S A T W L A P N I Y L L I S G C L Q Y F Y E V R K R S H Y F H F R R F W T I W L K S L V I M V L L F T H I Y D C Y K T N E S V W N V L S I I T Y F L A L F L H V V E Q P T L R I P M A S L L M F W L F K F L A S A L V L L L R P N Y T M F P M L N V V P S I T F F C S L V C L L A E I Y V P P A N R V W Y P D D A A E L E E T G L R P S R F T Y A N I F S R I S F G W L S P L M K F G Y R N Y L T E S D A W S L P P A E R S S N L T I V F E K N W I S H A K K K K S S L Y M W G V L F L N H W K L T V V I I V L K L V Q D V V A F I Q P N L I R K I V I F V S S Y S S E H P Q P P Q V G F S L A I A M F L T N V V Q T A L L Q Q Y F Q L G M V L G M R W R S E L I T A I Y R K S L R L S S A A R Q S R S V G D I V N Y M S V D T Q K V C D L T M F L F V I V S G P F Q I V L A L T N L Y H L V G Y G A L S G A F V T F L L F P C N V V I A S I F K R F Q N R Q M K N K D A R S Q F M T E I I N N I R S I K L Y A W E N I F L Q K L L Q L R N T R E L R M L K K I G I V N T I G N F T W L F A P I L V S A A T F G T F I V L Y G K T R V L S V D I V F A C L S L F N L L Q F P L T M L P I V V S S V L E A S V A I S R I Y G F L T A G E L D S N A V Q R Y P A N K E P S G V C L E I K K G T F S W S G P G Q N A A E P T L R D I D F V A R R G E L C C I V G K V G M G K S S L L E A C L G N M Q K H S G S V F R C G S I A Y A A Q Q P W I L N A T I Q E N I L F G L E L D P E F Y E K T I R A C C L L R D F E I L A D G D Q T E V G E K G I S L S G G Q K A R I S L A R A V Y S R S D I Y L L D D I L S A V D Q H V N R D L V R N L L G S K G L L R S R C V I L S T N S L T V L K E A S M I Y M L R N G K I I E S G S F T Q L S S S P D S Q L F Q L L S E F S K K D T A S S T G A D T P L S R S Q S V I T S S T D V T S S A S R S S D T V S N Y P K A T I K G T G R I R K R L T D E D N V K A T G Q A A E K M E R G K V K W K V Y W T Y F K A C S L F L I F L Y F L F I I G G I G M N V G T N V W L K H W S E V N T Q L G Y N P K P Y F Y L G I Y T L F G L L S C A L I S L S S L T I T V F C A I K S C R Y L H D S M V K A V L R A P M S F F E T T P T G R I L N R F S S D V Y R V D E V I S R V F M F F F R N L F Q I V F V L A V I C Y S S P M F M I L I V P L F F L Y R Y N Q V Y Y T Q T S R E L K R L D S V T R S P L Y A H F Q E S L G G L S T I R A Y D M E D T F I S E N D I R V D T N H R I W F L Y F S S N R W Q A I R V E A I G A L V V F S S A F F G V L S A V R G N P N S G L V G L S L S Y A V Q I T Q S L T F V V R Q S V D V E T N I V S V E R M L E Y I G L P S E A P S I I P D H R P P E G W P S H G A I K F D H Y S V R Y R E N L P L V L N D I S V N I K P Q E K I G I V G R T G A G K S T L T L A L F R L I E P T S G D I Q L D D I N I T S I G L H D L R S R L A I I P Q E N Q A F E G T I R E N L D P N A N A T D E E I W H A L E A A S L K Q F I Q T L D G G L Y S R V T E G G A N L S S G Q R Q L M C L T R A L L T P T R V L L L D E A T A A V D V E T D A I V Q R T I R E R F N D R T I L T I A H R I N T V M D S N R I L V L D H G K V V E F D S T K K L L E N K A S L F Y S L A K E S G L I,118
M L S S E D F G S S G K K E T S P D S I S I R S F S A G N N F Q S S S S E K T Y S K Q K S G S D K L I H R F A D S F K R A E G S T T R T K Q I N E N T S D L E D G V E S I T S D S K L K K S M K S R H V V M M S L G T G I G T G L L V A N A K G L H Y G G P A A L I I G Y I L V S F V T Y F M I Q A A G E M A V T Y P T L P A N F N A Y S S I F I S K S F G F A T V W L Y C F Q W L T V L P L E L I T A S M T I Q F W N D K I N P D I Y I L I F Y V F L V F I H F F G V K A Y G E T E F I F N C C K I L M I A G F I I L S I V I N C G G A G N D G Y I G A T Y W H N P G A F A G D T S I G R F K N V C Y I L V T A Y F S F G G M E L F A L S V Q E Q S N P R K S T P V A A K R S I Y R I V V I Y L L T M I L I G F N V P Y N D D Q L M G A G G S A T H A S P Y V L A A S I H G V K I V P H I I N A V I L I S V V S V A N S S L Y A G P R L I C S L A Q Q G Y A P K F L D Y V D R E G R P L R A L I V C C V F G V I A F V A A S S K E E I V F T W L A A I A G L S E L F T W T S I M L S H L R F R Q A M K V Q G R S L D E L G Y K A T T G I W G S I Y G V F F N I L V F V A Q F W V A L A P L G N G G K C D A E S F F Q N Y L A F P I W L A F Y F G Y M V Y N R D F T L L N P L D K I D L D F H R R I Y D P E L M R Q E D E E N K E K L R N M S L M R K A Y H F W C,124
M N N D N T D Y V S N E S G T L S R L F K L P Q H G T T V R T E L I A G M T T F L T M V Y I V F V N P Q I L G A A Q M D P K V V F V T T C L I A G I G S I A M G I F A N L P V A L A P A M G L N A F F A F V V V G A M G I S W Q T G M G A I F W G A V G L F L L T L F R I R Y W M I S N I P L S L R I G I T S G I G L F I A L M G L K N T G V I V A N K D T L V M I G D L S S H G V L L G I L G F F I I T V L S S R H F H A A V L V S I V V T S C C G L F F G D V H F S G V Y S I P P D I S G V I G E V D L S G A L T L E L A G I I F S F M L I N L F D S S G T L I G V T D K A G L I D G N G K F P N M N K A L Y V D S V S S V A G A F I G T S S V T A Y I E S T S G V A V G G R T G L T A V V V G V M F L L V M F F S P L V A I V P P Y A T A G A L I F V G V L M T S S L A R V N W D D F T E S V P A F I T T V M M P F T F S I T E G I A L G F M S Y C I M K V C T G R W R D L N L C V V V V A A L F A L K I I L V D,122
M G F E F I E W Y C K P V P N G V W T K Q V A N A F G A Y T P C A T D S F V L G I S Q L V L L V L C L Y R I W L A L K D H K V E R F C L R S R L Y N Y F L A L L A A Y A T A E P L F R L I M G I S V L D F D G P G L P P F E A F G L G V K A F A W G A V M V M I L M E T K I Y I R E L R W Y V R F A V I Y A L V G D M V L L N L V L S V K E Y Y S S Y V L Y L Y T S E V G A Q V L F G I L L F M H L P N L D T Y P G Y M P V R S E T V D D Y E Y E E I S D G Q Q I C P E K H A N I F D K I F F S W M N P L M T L G S K R P L T E K D V W Y L D T W D Q T E T L F T S F Q H S W D K E L Q K P Q P W L L R A L N N S L G G R F W W G G F W K I G N D C S Q F V G P L L L N Q L L K S M Q E D A P A W M G Y I Y A F S I F V G V V F G V L C E A Q Y F Q N V M R V G Y R L R S A L I A A V F R K S L R L T N E G R R K F Q T G K I T N L M T T D A E S L Q Q I C Q S L H T M W S A P F R I I I A L I L L Y Q Q L G V A S L I G A L L L V L M F P L Q T V I I S K M Q K L T K E G L Q R T D K R I G L M N E V L A A M D T V K C Y A W E N S F Q S K V Q T V R D D E L S W F R K S Q L L G A L N M F I L N S I P V L V T I V S F G V F T L L G G D L T P A R A F T S L S L F A V L R F P L F M L P N I I T Q V V N A N V S L K R L E E V L A T E E R I L L P N P P I E P G E P A I S I R N G Y F S W D S K G D R P T L S N I N L D V P L G S L V A V V G S T G E G K T S L I S A I L G E L P A T S D A I V T L R G S V A Y V P Q V S W I F N A T V R D N I L F G S P F D R E K Y E R A I D V T S L K H D L E L L P G G D L T E I G E R G V N I S G G Q K Q R V S M A R A V Y S N S D V Y I F D D P L S A L D A H V G Q Q V F E K C I K R E L G Q K T R V L V T N Q L H F L S Q V D R I V L V H E G T V K E E G T Y E E L S S N G P L F Q R L M E N A G K V E E Y S E E N G E A E A D Q T A E Q P V A N G N T N G L Q M D G S D D K K S K E G N K K G G K S V L I K Q E E R E T G V V S W R V L K R Y Q D A L G G A W V V M M L L L C Y V L T E V F R V T S S T W L S E W T D A G T P K S H G P L F Y N L I Y A L L S F G Q V L V T L T N S Y W L I M S S L Y A A K K L H D N M L H S I L R A P M S F F H T N P L G R I I N R F A K D L G D I D R T V A V F V N M F M G Q V S Q L L S T V V L I G I V S T L S L W A I M P L L V L F Y G A Y L Y Y Q N T A R E V K R M D S I S R S P V Y A Q F G E A L N G L S T I R A Y K A Y D R M A D I N G R S M D N N I R F T L V N M G A N R W L G I R L E T L G G L M I W L T A S F A V M Q N G R A E N Q Q A F A S T M G L L L S Y A L N I T S L L T G V L R L A S L A E N S L N A V E R V G N Y I E I P P E A P P V I E N N R P P P G W P S S G S I K F E D V V L R Y R P Q L P P V L H G V S F F I H P T D K V G I V G R T G A G K S S L L N A L F R I V E V E K G R I L I D D C D V G K F G L M D L R K V L G I I P Q S P V L F S G T V R F N L D P F G E H N D A D L W E S L E R A H L K D T I R R N P L G L D A E V S E A G E N F S V G Q R Q L L S L S R A L L R R S K I L V L D E A T A A V D V R T D A L I Q K T I R E E F K S C T M L I I A H R L N T I I D C D K I L V L D S G R V Q E F S S P E N L L S N E G S S F S K M V Q S T G A A N A E Y L R S L V L D N K R A K D D S H H L Q G Q R K W L A S S R W A A A A Q F A L A A S L T S S H N D L Q S L E I E D D S S I L K R T N D A V V T L R S V L E G K H D K E I A E S L E E H N I S R E G W L S S L Y R M V E G L A V M S R L A R N R M Q Q P D Y N F E G N T F D W D N V E M,120
M S A D A S T N S N A S L D E K N L N I T S E A E I K N E D V T A E P V L S T V L S P N G K I V Y I S D K V D E A M K L A E E A K E I E V T P E E D R K L R W K I D Y C M F P L M C I L Y A V Q F M D K I S T S S A A V M G L R T D L K M H G D Q Y S W V T S A F Y F G Y L F M N L G P V Q F I F Q R T S H M S K M L A V F I V I W G M L L A L H A A P T V K Y P S F I V L R V L L G C A E S V V T P C F T I I T A Q Y W K T E E Q F T R V S I W F G M N G L G S I L I N A I A Y G V Y I H Q D S Y A I K G W R T L F V I T G V I T I F I G I L I F L W I P D D P S K A R F L S K R E K L M V V Q R I R S N Q Q G F G N H E I K K Y Q I I E A L K D V R T W L Y F L F T V S S N I P N G G I S S F M S I L L N S D F G Y S S K E T L L M G L P T G A V E L V G C P L F G I L A V Y A A N K K I P F W K Y K L S W A I F A A V L A L I A S C M L G F A T N S K K A R L A G A Y L W Y I S P V S F I C V L S N I S A N S S G Y S K K W T V S S I N L V A Y A A A N L A G P Q T F I A K Q A P K Y H G A K V A M V V C Y A V M I V L L S I L L I V N L R E N K R R D K I A A E R G F P E E T E N L E F S D L T D F E N P N F R Y T L,112
